Data Encrytion time,Data sending time
16.64525532722473,0.4635624885559082
103.42227530479431,1.1639673709869385
103.75803017616272,1.1535825729370117
104.73883652687073,0.5783107280731201
103.93225860595703,1.2608604431152344
103.38833260536194,1.4208738803863525
18.926547288894653,6.378519535064697
