Public key exchange time,Private key exchange time, Shared_key time
0.7100427150726318,1.5791478157043457,0.47238731384277344
