Public key exchange time,Private key exchange time, Shared_key time
0.21851587295532227,1.0622529983520508,0.0
0.29494762420654297,0.7122335433959961,0.12267160415649414
0.2821848392486572,1.152552604675293,0.3228726387023926
0.24733877182006836,1.789132833480835,0.005983829498291016
0.46648573875427246,0.7236576080322266,0.008975028991699219
0.5305805206298828,1.1828529834747314,0.004986763000488281
2.4391329288482666,10.039409399032593,0.5979969501495361
0.5942907333374023,1.8465824127197266,0.18074750900268555
